3702	Arabidopsis thaliana
4932	Saccharomyces cerevisiae
6239	Caenorhabditis elegans
7227	Drosophila melanogaster
7955	Danio rerio
9606	Homo sapiens
10090	Mus musculus
10116	Rattus norvegicus
103372	Acromyrmex echinatior
7029	Acyrthosiphon pisum
7159	Aedes aegypti
37682	Aegilops tauschii
5341	Agaricus bisporus
9646	Ailuropoda melanoleuca
653948	Albugo laibachii
38654	Alligator sinensis
28583	Allomyces macrogynus
13333	Amborella trichopoda
400682	Amphimedon queenslandica
28377	Anolis carolinensis
7165	Anopheles gambiae
84751	Pseudozyma flocculosa
157072	Aphanomyces invadans
7460	Apis mellifera
6500	Aplysia californica
218851	Aquilegia coerulea
50452	Arabis alpina
13349	Arthrobotrys oligospora
5059	Aspergillus flavus
7994	Astyanax mexicanus
12957	Atta cephalotes
44056	Aureococcus anophagefferens
160860	Auricularia delicata
3075	Auxenochlorella protothecoides
5865	Babesia bovis
9767	Balaenoptera acutorostrata
41875	Bathycoccus prasinos
109871	Batrachochytrium dendrobatidis
430998	Baudoinia compniacensis
176275	Beauveria bassiana
161934	Beta vulgaris
227086	Bigelowiella natans
5016	Bipolaris maydis
5039	Blastomyces dermatitidis
34373	Blumeria graminis
72658	Boechera stricta
132113	Bombus impatiens
7091	Bombyx mori
9913	Bos taurus
40559	Botrytis cinerea
15368	Brachypodium distachyon
7739	Branchiostoma floridae
3712	Brassica oleracea
89462	Bubalus bubalis
6326	Bursaphelenchus xylophilus
264951	Byssochlamys spectabilis
9483	Callithrix jacchus
90675	Camelina sativa
5482	Candida tropicalis
9612	Canis lupus
43228	Capronia epimyces
192875	Capsaspora owczarzaki
81985	Capsella rubella
3649	Carica papaya
9478	Tarsius syrichta
10141	Cavia porcellus
7213	Ceratitis capitata
38033	Chaetomium globosum
8469	Chelonia mydas
34839	Chinchilla lanigera
3055	Chlamydomonas reinhardtii
554065	Chlorella variabilis
60711	Chlorocebus sabaeus
8479	Chrysemys picta
185453	Chrysochloris asiatica
3827	Cicer arietinum
7719	Ciona intestinalis
85681	Citrus clementina
1182553	Cladophialophora psammophila
5111	Claviceps purpurea
5501	Coccidioides immitis
248742	Coccomyxa subellipsoidea
474922	Colletotrichum gloeosporioides
8932	Columba livia
80637	Coniophora puteana
61459	Coniosporium apollinis
5346	Coprinopsis cinerea
73501	Cordyceps militaris
10029	Cricetulus griseus
552467	Cryptococcus gattii
5808	Cryptosporidium muris
3659	Cucumis sativus
7176	Culex quinquefasciatus
45157	Cyanidioschyzon merolae
244447	Cynoglossus semilaevis
293227	Cyphellophora europaea
430498	Dactylellina haptotyla
13037	Danaus plexippus
6669	Daphnia pulex
9361	Dasypus novemcinctus
4959	Debaryomyces hansenii
44689	Dictyostelium discoideum
64363	Mycosphaerella pini
6211	Echinococcus multilocularis
9371	Echinops telfairi
2880	Ectocarpus siliculosus
28737	Elephantulus edwardii
2903	Emiliania huxleyi
364733	Endocarpon pusillum
46681	Entamoeba dispar
29078	Eptesicus fuscus
33169	Eremothecium gossypii
9365	Erinaceus europaeus
4155	Erythranthe guttata
8010	Esox lucius
71139	Eucalyptus grandis
72664	Eutrema salsugineum
97096	Eutypa lata
5970	Exophiala dermatitidis
93612	Setosphaeria turcica
9685	Felis catus
59894	Ficedula albicollis
208960	Fomitiporia mediterranea
40483	Fomitopsis pinicola
691883	Fonticula alba
57918	Fragaria vesca
885580	Fukomys damarensis
5507	Fusarium oxysporum
8049	Gadus morhua
29850	Gaeumannomyces graminis
130081	Galdieria sulphuraria
482537	Galeopterus variegatus
9031	Gallus gallus
69293	Gasterosteus aculeatus
101852	Glarea lozoyensis
65071	Pythium ultimum
104355	Gloeophyllum trabeum
3847	Glycine max
9593	Gorilla gorilla
29730	Gossypium raimondii
110365	Gregarina niphandrodes
226899	Grosmannia clavigera
55529	Guillardia theta
52644	Haliaeetus leucocephalus
99158	Hammondia hammondi
8153	Haplochromis burtoni
34740	Heliconius melpomene
6412	Helobdella robusta
984962	Heterobasidion irregulare
10181	Heterocephalus glaber
5037	Histoplasma capsulatum
4513	Hordeum vulgare
272952	Hyaloperonospora arabidopsidis
6087	Hydra vulgaris
5932	Ichthyophthirius multifiliis
43179	Ictidomys tridecemlineatus
51337	Jaculus jaculus
1392244	Pseudozyma brasiliensis
432096	Kazachstania africana
28985	Kluyveromyces lactis
4922	Komagataella pastoris
381046	Lachancea thermotolerans
215358	Larimichthys crocea
7897	Latimeria chalumnae
77586	Leersia perrieri
5664	Leishmania major
7918	Lepisosteus oculatus
9713	Leptonychotes weddellii
5022	Leptosphaeria maculans
4006	Linum usitatissimum
118797	Lipotes vexillifer
7209	Loa loa
36914	Lodderomyces elongisporus
9785	Loxodonta africana
9544	Macaca mulatta
35725	Macrophomina phaseolina
148304	Magnaporthiopsis poae
3750	Malus domestica
3983	Manihot esculenta
698440	Marssonina brunnea
106582	Maylandia zebra
3880	Medicago truncatula
203908	Melampsora laricipopulina
10036	Mesocricetus auratus
568076	Metarhizium robertsii
4929	Meyerozyma guilliermondii
296587	Micromonas sp. RCC299
69319	Microplitis demolitor
63405	Arthroderma otae
79684	Microtus ochrogaster
4920	Millerozyma farinosa
34349	Mixia osmundae
27923	Mnemiopsis leidyi
221103	Moniliophthora roreri
13616	Monodelphis domestica
81824	Monosiga brevicollis
78898	Mortierella verticillata
981085	Morus notabilis
36080	Mucor circinelloides
4641	Musa acuminata
7370	Musca domestica
9668	Mustela putorius
59463	Myotis lucifugus
5762	Naegleria gruberi
63402	Microsporum gypseum
1026970	Nannospalax galili
7425	Nasonia vitripennis
27288	Naumovozyma castellii
4432	Nelumbo nucifera
45351	Nematostella vectensis
310453	Neofusicoccum parvum
32507	Neolamprologus brichardi
29176	Neospora caninum
40127	Neurospora tetrasperma
4096	Nicotiana sylvestris
128390	Nipponia nippon
61853	Nomascus leucogenys
9315	Macropus eugenii
9978	Ochotona princeps
10160	Octodon degus
9707	Odobenus rosmarus
1005962	Ogataea parapolymorpha
72228	Ophiocordyceps sinensis
61273	Ophiostoma piceae
9733	Orcinus orca
8128	Oreochromis niloticus
9258	Ornithorhynchus anatinus
9818	Orycteropus afer
9986	Oryctolagus cuniculus
4529	Oryza rufipogon
8090	Oryzias latipes
70448	Ostreococcus tauri
30611	Otolemur garnettii
9940	Ovis aries
9597	Pan paniscus
38727	Panicum virgatum
9694	Panthera tigris
59538	Pantholops hodgsonii
9555	Papio anubis
1048829	Paracoccidioides sp. lutzii
5888	Paramecium tetraurelia
13684	Parastagonospora nodorum
121225	Pediculus humanus
13735	Pelodiscus sinensis
1108849	Penicillium rubens
10042	Peromyscus maniculatus
393283	Pestalotiopsis fici
223192	Togninia minima
2850	Phaeodactylum tricornutum
3885	Phaseolus vulgaris
42345	Phoenix dactylifera
3218	Physcomitrella patens
67593	Phytophthora sojae
42099	Pythium vexans
4909	Pichia kudriavzevii
5833	Plasmodium falciparum
263815	Pneumocystis murina
5145	Podospora anserina
48698	Poecilia formosa
9601	Pongo abelii
3694	Populus trichocarpa
3760	Prunus persica
83344	Pseudocercospora fijiensis
655981	Pseudogymnoascus destructans
181119	Pseudopodoces humilis
327079	Pseudozyma hubeiensis
9402	Pteropus alecto
5297	Puccinia graminis
202698	Punctularia strigosozonata
303518	Pundamilia nyererei
53485	Pyrenophora teres
318829	Magnaporthe oryzae
337075	Pyronema omphalodes
225117	Pyrus x bretschneideri
115417	Pythium iwayamai
176946	Python bivittatus
61622	Rhinopithecus roxellana
588596	Rhizophagus irregularis
936053	Rhizopus delemar
13249	Rhodnius prolixus
5286	Rhodosporidium toruloides
3988	Ricinus communis
10224	Saccoglossus kowalevskii
27679	Saimiri boliviensis
946362	Salpingoeca rosetta
112098	Saprolegnia diclina
9305	Sarcophilus harrisii
4924	Scheffersomyces stipitis
6183	Schistosoma mansoni
5334	Schizophyllum commune
866546	Schizosaccharomyces cryophilus
5180	Sclerotinia sclerotiorum
88036	Selaginella moellendorffii
65672	Piriformospora indica
85982	Serpula lacrymans
4555	Setaria italica
4081	Solanum lycopersicum
5147	Sordaria macrospora
42254	Sorex araneus
4558	Sorghum bicolor
340170	Spathaspora passalidarum
72019	Sphaeroforma arctica
85929	Sphaerulina musiva
109760	Spizellomyces punctatus
72558	Sporisorium reilianum
29908	Sporothrix schenckii
144197	Stegastes partitus
40492	Stereum hirsutum
126957	Strigamia maritima
7668	Strongylocentrotus purpuratus
34506	Strongyloides ratti
9823	Sus scrofa
31033	Takifugu rubripes
28564	Talaromyces stipitatus
5011	Taphrina deformans
28532	Tarenaya hassleriana
5911	Tetrahymena thermophila
32264	Tetranychus urticae
113608	Tetrapisispora phaffii
159749	Thalassiosira oceanica
529818	Thecamonas trahens
5872	Babesia equi
3641	Theobroma cacao
78579	Myceliophthora thermophila
35720	Thielavia terrestris
4950	Torulaspora delbrueckii
5811	Toxoplasma gondii
5217	Tremella mesenterica
7070	Tribolium castaneum
9778	Trichechus manatus
6334	Trichinella spiralis
29875	Trichoderma virens
5722	Trichomonas vaginalis
5551	Trichophyton rubrum
10228	Trichoplax adhaerens
82508	Trichosporon asahii
4565	Triticum aestivum
5693	Trypanosoma cruzi
39416	Tuber melanosporum
246437	Tupaia chinensis
9739	Tursiops truncatus
33188	Uncinocarpus reesii
29073	Ursus maritimus
120017	Ustilago hordei
36033	Vanderwaltozyma polyspora
27337	Verticillium dahliae
29760	Vitis vinifera
3067	Volvox carteri
148960	Wallemia sebi
1041607	Wickerhamomyces ciferrii
8364	Xenopus tropicalis
8083	Xiphophorus maculatus
45596	Candida tenuis
4952	Yarrowia lipolytica
4577	Zea mays
136037	Zootermopsis nevadensis
4956	Zygosaccharomyces rouxii
1047171	Zymoseptoria tritici
5478	Candida glabrata
140110	Nectria haematococca
